image,forme
-1-_jpg.rf.2xskk8YhiWApOqEsCoJz.jpg,rectangulaire
-1-_jpg.rf.3hQ5s67XcLvyctuX5kyF.jpg,rectangulaire
-1-_jpg.rf.573ce9O2a0nMzAigIwSO.jpg,ronde
-1-_jpg.rf.6MxYjDn4C0hKVVlp3djy.jpg,ronde
-1-_jpg.rf.7DHumgVdfsjNeaZGlYsm.jpg,ronde
-1-_jpg.rf.FA66Au8W7Nv4r9foNE5I.jpg,ronde
-1-_jpg.rf.JDpwxeYm6mUoATbvL8Uv.jpg,rectangulaire
-1-_jpg.rf.k44UYVNdNAHswJAAumLg.jpg,ovale
-1-_jpg.rf.k6SaEVqpKW9Tfh1Cedvx.jpg,ovale
-1-_jpg.rf.K8oN4G44zF7v3s4cQsgy.jpg,rectangulaire
-1-_jpg.rf.Og4txg6l8CEiuIb15gua.jpg,ovale
-1-_jpg.rf.OMicUoM7hh38TOzRkJ1M.jpg,ovale
-1-_jpg.rf.PNs0D01zbX7c26MEzOjT.jpg,ronde
-1-_jpg.rf.tizHamsB0Hy0PsxZfRaQ.jpg,ronde
-1-_jpg.rf.WemJtHwK5VNWWeEuSDoL.jpg,ovale
-1-_jpg.rf.X7GwmppsRW7RT4WCftKx.jpg,ronde
-1-_jpg.rf.YOvADcCHNmQGxFtibXRq.jpg,rectangulaire
-1-_jpg.rf.ZYLAXcG9b9rlierk2NdS.jpg,rectangulaire
-1-jpg_aug_png_jpg.rf.71ZXbxhhqbUGjDzaZ2Cg.jpg,ovale
-1-jpg_aug_png_jpg.rf.9jWQUDLNrvxfE4wXfQRx.jpg,ronde
-1-jpg_aug_png_jpg.rf.Fkz8gMbI8uIqAC4RUlm4.jpg,rectangulaire
-1-jpg_aug_png_jpg.rf.lJag3tSFAWpQgfByQ1ck.jpg,rectangulaire
-1-jpg_aug_png_jpg.rf.RNle1PQmidx1AfJLybPF.jpg,ronde
-1-jpg_aug_png_jpg.rf.Vagq781kH6J25xTCR4OS.jpg,ronde
-10-_jpg.rf.08Oxxy0wxOh1O6SFRrqA.jpg,ovale
